name,cluster
Boiling_at_Heater_T85_RefVideo1.csv,4
Boiling_at_Heater_T93_RefVideo2.csv,4
Boiling_at_Heater_T98_RefVideo3.csv,4
Calm_to_Boiling_50V_on_StartT65.csv,0
Calm_to_Boiling_50V_on_StartT80.csv,4
"MATLAB 1-00 PM Fri, Jun 28, 2024 Run8 .csv",0
"MATLAB 1-00 PM Thu, Aug 22, 2024 Run1.csv",2
"MATLAB 1-02 PM Mon, Mar 11, 2024 Run4 .csv",0
"MATLAB 1-02 PM Thu, Nov 7, 2024 Run8 .csv",0
"MATLAB 1-04 PM Thu, Aug 22, 2024 Run2.csv",2
"MATLAB 1-04 PM Tue, Sep 10, 2024 Run9 .csv",2
"MATLAB 1-05 PM Mon, Mar 11, 2024 Run5 .csv",0
"MATLAB 1-05 PM Thu, Aug 22, 2024 Run3 .csv",2
"MATLAB 1-07 PM Fri, Jun 14, 2024 Run1 .csv",0
"MATLAB 1-07 PM Fri, May 31, 2024 Run3 .csv",0
"MATLAB 1-08 PM Mon, Mar 11, 2024 Run6 .csv",0
"MATLAB 1-10 PM Thu, Aug 22, 2024 Run4 .csv",2
"MATLAB 1-11 PM Thu, Oct 31, 2024 Run0 .csv",4
"MATLAB 1-12 PM Thu, Nov 7, 2024 Run9 .csv",0
"MATLAB 1-12 PM Tue, Oct 29, 2024 Run3 .csv",4
"MATLAB 1-14 PM Tue, Sep 10, 2024 Run10 .csv",0
"MATLAB 1-15 PM Thu, Aug 22, 2024 Run5 .csv",2
"MATLAB 1-16 PM Mon, Mar 11, 2024 Run7 .csv",0
"MATLAB 1-17 PM Tue, Sep 10, 2024 Run11 .csv",0
"MATLAB 1-18 PM Fri, May 31, 2024 Run4 .csv",4
"MATLAB 1-19 PM Tue, Oct 29, 2024 Run4 .csv",4
"MATLAB 1-19 PM Tue, Sep 10, 2024 Run12 .csv",0
"MATLAB 1-20 PM Thu, Aug 22, 2024 Run6 .csv",2
"MATLAB 1-21 PM Fri, Jun 14, 2024 Run2 .csv",3
"MATLAB 1-21 PM Thu, Nov 7, 2024 Run10 .csv",0
"MATLAB 1-21 PM Tue, Oct 29, 2024 Run5 .csv",4
"MATLAB 1-21 PM Tue, Sep 10, 2024 Run13 .csv",2
"MATLAB 1-22 PM Tue, Sep 10, 2024 Run14 .csv",2
"MATLAB 1-23 PM Tue, Sep 10, 2024 Run15 .csv",2
"MATLAB 1-25 PM Thu, Nov 7, 2024 Run11 .csv",0
"MATLAB 1-27 PM Fri, Sep 13, 2024 Run0 .csv",4
"MATLAB 1-28 PM Tue, Oct 29, 2024 Run6 .csv",4
"MATLAB 1-29 PM Thu, Nov 7, 2024 Run12 .csv",0
"MATLAB 1-30 PM Thu, Oct 31, 2024 Run1 .csv",4
"MATLAB 1-30 PM Tue, Sep 10, 2024 Run16 .csv",0
"MATLAB 1-31 PM Tue, Oct 29, 2024 Run7 .csv",0
"MATLAB 1-32 PM Thu, Nov 7, 2024 Run13 .csv",0
"MATLAB 1-32 PM Tue, Jun 4, 2024 Run1.csv",4
"MATLAB 1-33 PM Tue, Oct 29, 2024 Run8 .csv",0
"MATLAB 1-34 PM Tue, Jun 11, 2024 Run0 .csv",4
"MATLAB 1-36 PM Thu, Nov 7, 2024 Run14 .csv",0
"MATLAB 1-36 PM Tue, Oct 29, 2024 Run9 .csv",0
"MATLAB 1-36 PM Tue, Sep 10, 2024 Run18 .csv",2
"MATLAB 1-37 PM Fri, May 31, 2024 Run5 .csv",2
"MATLAB 1-38 PM Fri, Sep 13, 2024 Run1 .csv",4
"MATLAB 1-38 PM Thu, Nov 7, 2024 Run15 .csv",0
"MATLAB 1-38 PM Tue, Sep 10, 2024 Run19 .csv",2
"MATLAB 1-41 PM Thu, Nov 7, 2024 Run16 .csv",0
"MATLAB 1-41 PM Tue, Oct 29, 2024 Run10 .csv",0
"MATLAB 1-43 PM Fri, Jun 14, 2024 Run3 .csv",3
"MATLAB 1-43 PM Thu, Oct 31, 2024 Run2 .csv",4
"MATLAB 1-43 PM Tue, Oct 29, 2024 Run11 .csv",0
"MATLAB 1-44 PM Thu, Nov 7, 2024 Run17 .csv",0
"MATLAB 1-45 PM Thu, Oct 31, 2024 Run3 .csv",2
"MATLAB 1-45 PM Tue, Oct 22, 2024 Run0 .csv",3
"MATLAB 1-45 PM Tue, Oct 29, 2024 Run12 .csv",0
"MATLAB 1-48 PM Thu, Nov 7, 2024 Run18 .csv",0
"MATLAB 1-50 PM Thu, Nov 7, 2024 Run19 .csv",2
"MATLAB 1-51 PM Tue, Oct 15, 2024 Run0 .csv",3
"MATLAB 1-51 PM Tue, Oct 29, 2024 Run13 .csv",0
"MATLAB 1-52 PM Fri, Jun 14, 2024 Run4 .csv",-1
"MATLAB 1-53 PM Tue, Oct 29, 2024 Run14 .csv",0
"MATLAB 1-54 PM Tue, Oct 29, 2024 Run15 .csv",0
"MATLAB 1-55 PM Fri, Jun 14, 2024 Run5 .csv",4
"MATLAB 1-55 PM Mon, Oct 28, 2024 Run0 .csv",3
"MATLAB 1-56 PM Thu, Oct 24, 2024 Run0 .csv",3
"MATLAB 1-59 PM Tue, Oct 22, 2024 Run1 .csv",3
"MATLAB 1-59 PM Tue, Oct 29, 2024 Run16 .csv",0
"MATLAB 10-49 AM Tue, Jun 4, 2024 Run0 .csv",4
"MATLAB 11-16 AM Wed, Mar 6, 2024 Run0 .csv",4
"MATLAB 11-23 AM Wed, Mar 6, 2024 Run1.csv",4
"MATLAB 11-25 AM Wed, Mar 6, 2024 Run2.csv",4
"MATLAB 11-27 AM Wed, Mar 6, 2024 Run3.csv",4
"MATLAB 11-34 AM Tue, Mar 5, 2024 Run0 .csv",0
"MATLAB 11-35 AM Fri, May 31, 2024 Run0 .csv",4
"MATLAB 11-51 AM Tue, Mar 5, 2024 Run1 .csv",-1
"MATLAB 11-55 AM Tue, Sep 10, 2024 Run0 .csv",2
"MATLAB 12-00 PM Tue, Sep 10, 2024 Run1 .csv",2
"MATLAB 12-04 PM Thu, Nov 7, 2024 Run0 .csv",0
"MATLAB 12-06 PM Thu, Nov 7, 2024 Run1 .csv",2
"MATLAB 12-11 PM Tue, Apr 2, 2024 Run0 .csv",4
"MATLAB 12-12 PM Tue, Sep 10, 2024 Run2 .csv",2
"MATLAB 12-13 PM Fri, Mar 8, 2024 Run0 .csv",1
"MATLAB 12-14 PM Thu, Nov 7, 2024 Run2 .csv",0
"MATLAB 12-14 PM Tue, Apr 2, 2024 Run1 .csv",4
"MATLAB 12-16 PM Fri, Mar 8, 2024 Run1 .csv",1
"MATLAB 12-18 PM Fri, Mar 8, 2024 Run2 .csv",1
"MATLAB 12-18 PM Tue, Sep 10, 2024 Run3 .csv",2
"MATLAB 12-19 PM Tue, Sep 10, 2024 Run4 .csv",2
"MATLAB 12-20 PM Fri, Mar 8, 2024 Run3 .csv",0
"MATLAB 12-21 PM Thu, Nov 7, 2024 Run3 .csv",0
"MATLAB 12-23 PM Fri, Mar 8, 2024 Run4 .csv",1
"MATLAB 12-24 PM Tue, Apr 2, 2024 Run2 .csv",4
"MATLAB 12-25 PM Fri, Sep 6, 2024 Run0 .csv",0
"MATLAB 12-26 PM Thu, Nov 7, 2024 Run4 .csv",0
"MATLAB 12-27 PM Fri, Mar 8, 2024 Run5 .csv",1
"MATLAB 12-27 PM Fri, Sep 6, 2024 Run1 .csv",3
"MATLAB 12-28 PM Thu, Nov 7, 2024 Run5 .csv",0
"MATLAB 12-29 PM Fri, Sep 6, 2024 Run2 .csv",0
"MATLAB 12-29 PM Fri, Sep 6, 2024 Run3 .csv",0
"MATLAB 12-29 PM Tue, Apr 2, 2024 Run3 .csv",4
"MATLAB 12-31 PM Fri, Jun 28, 2024 Run0 .csv",4
"MATLAB 12-31 PM Fri, Mar 8, 2024 Run6 .csv",1
"MATLAB 12-31 PM Fri, Sep 6, 2024 Run4 .csv",2
"MATLAB 12-34 PM Fri, Jun 28, 2024 Run1 .csv",4
"MATLAB 12-34 PM Tue, Sep 10, 2024 Run5 .csv",2
"MATLAB 12-36 PM Tue, Oct 29, 2024 Run0 .csv",-1
"MATLAB 12-37 PM Fri, May 31, 2024 Run1 .csv",4
"MATLAB 12-38 PM Fri, Jun 28, 2024 Run2 .csv",4
"MATLAB 12-39 PM Tue, Oct 29, 2024 Run1 .csv",3
"MATLAB 12-40 PM Fri, Jun 28, 2024 Run3 .csv",4
"MATLAB 12-41 PM Tue, Apr 2, 2024 Run4 .csv",4
"MATLAB 12-42 PM Fri, Jun 28, 2024 Run4 .csv",4
"MATLAB 12-44 PM Fri, Mar 8, 2024 Run7 .csv",1
"MATLAB 12-46 PM Tue, Sep 10, 2024 Run6 .csv",2
"MATLAB 12-47 PM Fri, Jun 28, 2024 Run5 .csv",2
"MATLAB 12-47 PM Thu, Nov 7, 2024 Run6 .csv",0
"MATLAB 12-51 PM Fri, Jun 28, 2024 Run6 .csv",2
"MATLAB 12-52 PM Fri, Jun 14, 2024 Run0 .csv",3
"MATLAB 12-53 PM Mon, Mar 11, 2024 Run0 .csv",1
"MATLAB 12-54 PM Fri, Jun 28, 2024 Run7 .csv",0
"MATLAB 12-54 PM Thu, Nov 7, 2024 Run7 .csv",0
"MATLAB 12-54 PM Tue, Apr 2, 2024 Run5 .csv",0
"MATLAB 12-54 PM Tue, Sep 10, 2024 Run7 .csv",2
"MATLAB 12-55 PM Tue, Sep 10, 2024 Run8 .csv",2
"MATLAB 12-56 PM Mon, Mar 11, 2024 Run1 .csv",0
"MATLAB 12-56 PM Tue, Oct 29, 2024 Run2 .csv",4
"MATLAB 12-58 PM Mon, Mar 11, 2024 Run2 .csv",0
"MATLAB 12-59 PM Fri, May 31, 2024 Run2 .csv",4
"MATLAB 12-59 PM Mon, Mar 11, 2024 Run3 .csv",0
"MATLAB 12-59 PM Thu, Aug 22, 2024 Run0.csv",2
"MATLAB 2-00 PM Fri, Sep 13, 2024 Run2 .csv",-1
"MATLAB 2-00 PM Tue, Jun 4, 2024 Run2 .csv",4
"MATLAB 2-01 PM Mon, Oct 28, 2024 Run1 .csv",3
"MATLAB 2-02 PM Tue, Oct 29, 2024 Run17 .csv",0
"MATLAB 2-03 PM Thu, Oct 24, 2024 Run1 .csv",0
"MATLAB 2-03 PM Tue, Oct 8, 2024 Run0 .csv",3
"MATLAB 2-04 PM Mon, Oct 28, 2024 Run2 .csv",4
"MATLAB 2-04 PM Tue, Jun 11, 2024 Run1 .csv",0
"MATLAB 2-04 PM Tue, Oct 22, 2024 Run2 .csv",3
"MATLAB 2-04 PM Wed, Sep 18, 2024 Run0 .csv",4
"MATLAB 2-06 PM Thu, Oct 31, 2024 Run4 .csv",4
"MATLAB 2-06 PM Tue, Oct 29, 2024 Run18 .csv",2
"MATLAB 2-07 PM Thu, Oct 31, 2024 Run5 .csv",2
"MATLAB 2-08 PM Thu, Oct 24, 2024 Run2 .csv",2
"MATLAB 2-08 PM Tue, Oct 29, 2024 Run19 .csv",2
"MATLAB 2-09 PM Tue, Oct 22, 2024 Run3 .csv",0
"MATLAB 2-10 PM Thu, Oct 24, 2024 Run3 .csv",0
"MATLAB 2-11 PM Thu, Oct 31, 2024 Run6 .csv",-1
"MATLAB 2-11 PM Tue, Oct 22, 2024 Run4 .csv",0
"MATLAB 2-12 PM Mon, Sep 9, 2024 Run0 .csv",3
"MATLAB 2-12 PM Wed, Sep 18, 2024 Run1 .csv",3
"MATLAB 2-13 PM Mon, Oct 28, 2024 Run3 .csv",4
"MATLAB 2-13 PM Mon, Sep 9, 2024 Run1 .csv",2
"MATLAB 2-13 PM Thu, Oct 31, 2024 Run7 .csv",0
"MATLAB 2-13 PM Tue, Oct 15, 2024 Run1 .csv",3
"MATLAB 2-14 PM Tue, Oct 22, 2024 Run5 .csv",0
"MATLAB 2-15 PM Thu, Oct 31, 2024 Run8 .csv",0
"MATLAB 2-16 PM Thu, Oct 31, 2024 Run9 .csv",0
"MATLAB 2-17 PM Thu, Oct 24, 2024 Run4 .csv",0
"MATLAB 2-17 PM Thu, Oct 3, 2024 Run0 .csv",4
"MATLAB 2-18 PM Tue, Apr 30, 2024 Run0 .csv",4
"MATLAB 2-18 PM Tue, Oct 15, 2024 Run2 .csv",4
"MATLAB 2-19 PM Fri, Jun 14, 2024 Run6 .csv",4
"MATLAB 2-19 PM Tue, Apr 30, 2024 Run0 .csv",4
"MATLAB 2-20 PM Tue, Apr 30, 2024 Run1 .csv",4
"MATLAB 2-21 PM Fri, Jun 14, 2024 Run7 .csv",2
"MATLAB 2-21 PM Mon, May 13, 2024 Run0 .csv",0
"MATLAB 2-21 PM Mon, Oct 28, 2024 Run4 .csv",0
"MATLAB 2-21 PM Thu, Oct 24, 2024 Run5 .csv",0
"MATLAB 2-22 PM Wed, Apr 3, 2024 Run0 .csv",4
"MATLAB 2-23 PM Mon, Oct 28, 2024 Run5 .csv",0
"MATLAB 2-23 PM Thu, Oct 31, 2024 Run10 .csv",0
"MATLAB 2-23 PM Tue, Oct 22, 2024 Run6 .csv",0
"MATLAB 2-24 PM Tue, Apr 30, 2024 Run2 .csv",4
"MATLAB 2-24 PM Tue, Jun 11, 2024 Run2 .csv",0
"MATLAB 2-25 PM Mon, Oct 28, 2024 Run6 .csv",0
"MATLAB 2-25 PM Thu, Oct 24, 2024 Run6 .csv",0
"MATLAB 2-25 PM Tue, Jun 4, 2024 Run3 .csv",0
"MATLAB 2-26 PM Fri, Jun 14, 2024 Run9 .csv",4
"MATLAB 2-26 PM Thu, Oct 31, 2024 Run11 .csv",0
"MATLAB 2-27 PM Fri, Jun 14, 2024 Run10 .csv",4
"MATLAB 2-27 PM Mon, Oct 28, 2024 Run7 .csv",0
"MATLAB 2-27 PM Wed, Apr 3, 2024 Run1 .csv",4
"MATLAB 2-28 PM Thu, Oct 31, 2024 Run12 .csv",0
"MATLAB 2-29 PM Thu, Oct 24, 2024 Run7 .csv",0
"MATLAB 2-30 PM Fri, Jun 14, 2024 Run11 .csv",4
"MATLAB 2-30 PM Tue, Oct 22, 2024 Run7 .csv",0
"MATLAB 2-31 PM Fri, Jun 14, 2024 Run12 .csv",1
"MATLAB 2-31 PM Thu, Oct 31, 2024 Run13 .csv",0
"MATLAB 2-32 PM Fri, Sep 13, 2024 Run3 .csv",3
"MATLAB 2-32 PM Mon, Sep 9, 2024 Run2 .csv",2
"MATLAB 2-33 PM Mon, Oct 28, 2024 Run8 .csv",0
"MATLAB 2-33 PM Tue, Oct 15, 2024 Run3 .csv",2
"MATLAB 2-34 PM Fri, Jun 14, 2024 Run13 .csv",1
"MATLAB 2-35 PM Tue, Oct 8, 2024 Run1 .csv",4
"MATLAB 2-36 PM Fri, Jun 14, 2024 Run14 .csv",1
"MATLAB 2-36 PM Wed, Sep 18, 2024 Run2 .csv",3
"MATLAB 2-37 PM Thu, Oct 31, 2024 Run14 .csv",0
"MATLAB 2-38 PM Thu, May 23, 2024 Run0 .csv",4
"MATLAB 2-38 PM Thu, Oct 24, 2024 Run8 .csv",0
"MATLAB 2-38 PM Wed, Apr 3, 2024 Run2.csv",4
"MATLAB 2-39 PM Mon, Oct 28, 2024 Run9 .csv",0
"MATLAB 2-40 PM Fri, Aug 23, 2024 Run0 .csv",4
"MATLAB 2-40 PM Fri, Jun 14, 2024 Run15 .csv",1
"MATLAB 2-40 PM Thu, Oct 24, 2024 Run9 .csv",0
"MATLAB 2-40 PM Thu, Oct 31, 2024 Run15 .csv",0
"MATLAB 2-40 PM Tue, Oct 22, 2024 Run8 .csv",0
"MATLAB 2-42 PM Wed, Sep 18, 2024 Run3 .csv",3
"MATLAB 2-43 PM Thu, Oct 31, 2024 Run16 .csv",0
"MATLAB 2-45 PM Fri, Aug 23, 2024 Run1 .csv",4
"MATLAB 2-45 PM Thu, Oct 24, 2024 Run10 .csv",0
"MATLAB 2-45 PM Thu, Oct 31, 2024 Run17 .csv",0
"MATLAB 2-46 PM Fri, Sep 13, 2024 Run4 .csv",3
"MATLAB 2-46 PM Thu, Oct 31, 2024 Run18 .csv",0
"MATLAB 2-46 PM Tue, Oct 8, 2024 Run2 .csv",4
"MATLAB 2-46 PM Wed, Sep 18, 2024 Run4 .csv",3
"MATLAB 2-47 PM Mon, Oct 28, 2024 Run10 .csv",0
"MATLAB 2-47 PM Tue, Oct 22, 2024 Run9 .csv",0
"MATLAB 2-48 PM Fri, Jun 14, 2024 Run16 .csv",0
"MATLAB 2-48 PM Thu, Oct 31, 2024 Run19 .csv",2
"MATLAB 2-48 PM Tue, Jun 11, 2024 Run3 .csv",0
"MATLAB 2-49 PM Thu, Oct 17, 2024 Run0 .csv",3
"MATLAB 2-50 PM Fri, Jun 14, 2024 Run17 .csv",0
"MATLAB 2-50 PM Thu, Oct 3, 2024 Run1 .csv",3
"MATLAB 2-50 PM Tue, Mar 19, 2024 Run0 .csv",4
"MATLAB 2-50 PM Tue, Oct 22, 2024 Run10 .csv",0
"MATLAB 2-51 PM Mon, May 13, 2024 Run1 .csv",0
"MATLAB 2-51 PM Thu, May 23, 2024 Run1 .csv",4
"MATLAB 2-51 PM Thu, Oct 24, 2024 Run11 .csv",0
"MATLAB 2-51 PM Thu, Oct 31, 2024 Run20 .csv",2
"MATLAB 2-52 PM Thu, Oct 3, 2024 Run2 .csv",0
"MATLAB 2-52 PM Tue, Oct 15, 2024 Run4 .csv",4
"MATLAB 2-52 PM Tue, Oct 22, 2024 Run11 .csv",0
"MATLAB 2-53 PM Thu, Oct 24, 2024 Run12 .csv",0
"MATLAB 2-54 PM Fri, Aug 23, 2024 Run2 .csv",2
"MATLAB 2-54 PM Fri, Jun 14, 2024 Run18 .csv",0
"MATLAB 2-54 PM Fri, Sep 13, 2024 Run5 .csv",2
"MATLAB 2-55 PM Tue, Oct 22, 2024 Run12 .csv",0
"MATLAB 2-55 PM Wed, Apr 3, 2024 Run3.csv",0
"MATLAB 2-55 PM Wed, Nov 6, 2024 Run0 .csv",3
"MATLAB 2-56 PM Thu, Oct 3, 2024 Run3 .csv",0
"MATLAB 2-57 PM Mon, Oct 28, 2024 Run11 .csv",0
"MATLAB 2-58 PM Fri, Jun 14, 2024 Run19 .csv",0
"MATLAB 2-58 PM Tue, Apr 30, 2024 Run3 .csv",0
"MATLAB 2-58 PM Tue, Oct 22, 2024 Run13 .csv",0
"MATLAB 2-58 PM Tue, Oct 8, 2024 Run3 .csv",3
"MATLAB 2-58 PM Wed, Sep 18, 2024 Run5 .csv",0
"MATLAB 2-59 PM Thu, Oct 17, 2024 Run1 .csv",4
"MATLAB 3-00 PM Fri, Sep 13, 2024 Run6 .csv",2
"MATLAB 3-00 PM Mon, Oct 28, 2024 Run12 .csv",0
"MATLAB 3-00 PM Thu, May 23, 2024 Run2 .csv",3
"MATLAB 3-00 PM Tue, Oct 15, 2024 Run5 .csv",0
"MATLAB 3-02 PM Fri, Aug 23, 2024 Run3 .csv",2
"MATLAB 3-02 PM Thu, Oct 17, 2024 Run2 .csv",2
"MATLAB 3-02 PM Thu, Oct 24, 2024 Run13.csv",0
"MATLAB 3-02 PM Tue, Oct 22, 2024 Run14 .csv",0
"MATLAB 3-03 PM Fri, Aug 23, 2024 Run4 .csv",2
"MATLAB 3-03 PM Thu, Oct 10, 2024 Run0 .csv",4
"MATLAB 3-03 PM Wed, Sep 18, 2024 Run6 .csv",0
"MATLAB 3-04 PM Tue, Oct 15, 2024 Run6 .csv",0
"MATLAB 3-04 PM Tue, Oct 22, 2024 Run15 .csv",0
"MATLAB 3-05 PM Fri, Jun 14, 2024 Run20 .csv",0
"MATLAB 3-05 PM Fri, Sep 13, 2024 Run7 .csv",0
"MATLAB 3-05 PM Mon, Oct 28, 2024 Run13 .csv",0
"MATLAB 3-05 PM Mon, Sep 9, 2024 Run3 .csv",3
"MATLAB 3-05 PM Thu, May 23, 2024 Run3 .csv",2
"MATLAB 3-05 PM Tue, Oct 15, 2024 Run7 .csv",0
"MATLAB 3-05 PM Wed, Apr 3, 2024 Run4.csv",0
"MATLAB 3-05 PM Wed, Nov 6, 2024 Run1 .csv",4
"MATLAB 3-06 PM Tue, Oct 22, 2024 Run16 .csv",0
"MATLAB 3-06 PM Tue, Oct 8, 2024 Run4 .csv",3
"MATLAB 3-06 PM Wed, Sep 18, 2024 Run7 .csv",0
"MATLAB 3-07 PM Wed, Nov 6, 2024 Run2 .csv",4
"MATLAB 3-08 PM Fri, Sep 13, 2024 Run8 .csv",0
"MATLAB 3-08 PM Mon, Oct 28, 2024 Run14 .csv",0
"MATLAB 3-08 PM Tue, Oct 1, 2024 Run0 .csv",4
"MATLAB 3-10 PM Mon, Oct 28, 2024 Run15 .csv",0
"MATLAB 3-10 PM Tue, Oct 22, 2024 Run17 .csv",0
"MATLAB 3-11 PM Fri, Aug 23, 2024 Run5 .csv",2
"MATLAB 3-11 PM Thu, Oct 24, 2024 Run14.csv",0
"MATLAB 3-11 PM Tue, Oct 22, 2024 Run18 .csv",3
"MATLAB 3-12 PM Tue, Oct 8, 2024 Run5 .csv",2
"MATLAB 3-13 PM Fri, Aug 23, 2024 Run6 .csv",0
"MATLAB 3-13 PM Mon, Oct 28, 2024 Run16 .csv",2
"MATLAB 3-13 PM Tue, Oct 15, 2024 Run8 .csv",0
"MATLAB 3-13 PM Tue, Sep 17, 2024 Run0 .csv",4
"MATLAB 3-13 PM Wed, Sep 18, 2024 Run8 .csv",0
"MATLAB 3-14 PM Fri, Sep 13, 2024 Run9 .csv",0
"MATLAB 3-14 PM Thu, Jun 27, 2024 Run0 .csv",-1
"MATLAB 3-15 PM Mon, Oct 28, 2024 Run17 .csv",3
"MATLAB 3-15 PM Thu, Oct 24, 2024 Run15.csv",0
"MATLAB 3-16 PM Fri, Sep 13, 2024 Run10 .csv",0
"MATLAB 3-16 PM Thu, Oct 17, 2024 Run3 .csv",4
"MATLAB 3-16 PM Thu, Oct 3, 2024 Run4 .csv",3
"MATLAB 3-17 PM Fri, Sep 13, 2024 Run11 .csv",2
"MATLAB 3-17 PM Thu, Jun 27, 2024 Run1.csv",4
"MATLAB 3-17 PM Wed, Sep 18, 2024 Run9 .csv",0
"MATLAB 3-18 PM Thu, Jun 27, 2024 Run2.csv",4
"MATLAB 3-18 PM Thu, Oct 24, 2024 Run16.csv",2
"MATLAB 3-18 PM Tue, Oct 15, 2024 Run9 .csv",0
"MATLAB 3-19 PM Thu, Jun 27, 2024 Run3.csv",4
"MATLAB 3-19 PM Thu, Oct 17, 2024 Run4 .csv",0
"MATLAB 3-19 PM Wed, Sep 18, 2024 Run10 .csv",0
"MATLAB 3-21 PM Thu, Jun 27, 2024 Run4.csv",4
"MATLAB 3-21 PM Thu, Oct 17, 2024 Run5 .csv",0
"MATLAB 3-21 PM Thu, Oct 24, 2024 Run17.csv",2
"MATLAB 3-24 PM Tue, Oct 8, 2024 Run7 .csv",0
"MATLAB 3-25 PM Wed, Sep 18, 2024 Run11 .csv",0
"MATLAB 3-26 PM Wed, Sep 18, 2024 Run12 .csv",0
"MATLAB 3-28 PM Thu, Oct 17, 2024 Run6 .csv",0
"MATLAB 3-28 PM Tue, Oct 15, 2024 Run10 .csv",0
"MATLAB 3-28 PM Wed, Sep 18, 2024 Run13 .csv",2
"MATLAB 3-29 PM Tue, Oct 8, 2024 Run8 .csv",0
"MATLAB 3-29 PM Tue, Oct 8, 2024 Run9 .csv",0
"MATLAB 3-31 PM Thu, Oct 10, 2024 Run1 .csv",-1
"MATLAB 3-31 PM Thu, Oct 17, 2024 Run7 .csv",0
"MATLAB 3-31 PM Tue, Oct 15, 2024 Run11 .csv",0
"MATLAB 3-33 PM Mon, Aug 26, 2024 Run0 .csv",2
"MATLAB 3-33 PM Tue, Oct 8, 2024 Run10 .csv",0
"MATLAB 3-34 PM Thu, Oct 3, 2024 Run5 .csv",3
"MATLAB 3-34 PM Tue, Oct 1, 2024 Run1 .csv",3
"MATLAB 3-35 PM Thu, Mar 7, 2024 Run0 .csv",4
"MATLAB 3-36 PM Tue, Oct 15, 2024 Run12 .csv",0
"MATLAB 3-36 PM Tue, Oct 8, 2024 Run11 .csv",2
"MATLAB 3-37 PM Thu, Aug 29, 2024 Run0 .csv",3
"MATLAB 3-37 PM Tue, Oct 15, 2024 Run13 .csv",0
"MATLAB 3-38 PM Thu, Oct 17, 2024 Run8 .csv",0
"MATLAB 3-38 PM Tue, Oct 15, 2024 Run14 .csv",2
"MATLAB 3-38 PM Tue, Oct 8, 2024 Run12 .csv",2
"MATLAB 3-39 PM Tue, Oct 15, 2024 Run15 .csv",2
"MATLAB 3-40 PM Mon, Aug 26, 2024 Run1 .csv",2
"MATLAB 3-41 PM Thu, Oct 3, 2024 Run6 .csv",0
"MATLAB 3-41 PM Tue, Oct 15, 2024 Run16 .csv",2
"MATLAB 3-41 PM Tue, Sep 17, 2024 Run1 .csv",3
"MATLAB 3-44 PM Thu, Aug 29, 2024 Run1 .csv",2
"MATLAB 3-44 PM Tue, Sep 17, 2024 Run2 .csv",2
"MATLAB 3-44 PM Tue, Sep 17, 2024 Run3 .csv",2
"MATLAB 3-45 PM Wed, Nov 6, 2024 Run3 .csv",4
"MATLAB 3-47 PM Thu, Oct 3, 2024 Run7 .csv",0
"MATLAB 3-47 PM Tue, Oct 8, 2024 Run13 .csv",0
"MATLAB 3-48 PM Mon, Aug 26, 2024 Run2 .csv",2
"MATLAB 3-49 PM Thu, Oct 17, 2024 Run9 .csv",0
"MATLAB 3-49 PM Wed, Nov 6, 2024 Run4 .csv",4
"MATLAB 3-50 PM Mon, Aug 26, 2024 Run3 .csv",0
"MATLAB 3-50 PM Thu, Mar 7, 2024 Run1 .csv",4
"MATLAB 3-51 PM Tue, Sep 17, 2024 Run4 .csv",2
"MATLAB 3-52 PM Thu, Aug 29, 2024 Run2 .csv",2
"MATLAB 3-52 PM Thu, Oct 17, 2024 Run10 .csv",0
"MATLAB 3-52 PM Thu, Oct 3, 2024 Run8 .csv",0
"MATLAB 3-52 PM Tue, Oct 1, 2024 Run2 .csv",4
"MATLAB 3-53 PM Mon, Aug 26, 2024 Run4 .csv",0
"MATLAB 3-53 PM Thu, Aug 29, 2024 Run3 .csv",0
"MATLAB 3-53 PM Thu, Oct 3, 2024 Run9 .csv",0
"MATLAB 3-53 PM Wed, Nov 6, 2024 Run5 .csv",3
"MATLAB 3-54 PM Thu, Oct 3, 2024 Run10 .csv",2
"MATLAB 3-55 PM Thu, Sep 5, 2024 Run0 .csv",2
"MATLAB 3-55 PM Tue, Sep 17, 2024 Run5 .csv",0
"MATLAB 3-56 PM Thu, Oct 10, 2024 Run2 .csv",3
"MATLAB 3-56 PM Thu, Oct 3, 2024 Run11 .csv",2
"MATLAB 3-56 PM Tue, Sep 17, 2024 Run6 .csv",0
"MATLAB 3-56 PM Wed, Nov 6, 2024 Run6 .csv",0
"MATLAB 3-57 PM Thu, Aug 29, 2024 Run4 .csv",0
"MATLAB 3-57 PM Thu, Oct 3, 2024 Run12 .csv",0
"MATLAB 3-58 PM Thu, Sep 5, 2024 Run1 .csv",0
"MATLAB 3-59 PM Tue, Oct 1, 2024 Run3 .csv",3
"MATLAB 3-59 PM Tue, Sep 17, 2024 Run7 .csv",0
"MATLAB 3-59 PM Tue, Sep 17, 2024 Run8 .csv",0
"MATLAB 4-00 PM Mon, Aug 26, 2024 Run5 .csv",0
"MATLAB 4-00 PM Wed, Nov 6, 2024 Run7 .csv",0
"MATLAB 4-01 PM Thu, Oct 17, 2024 Run11 .csv",0
"MATLAB 4-02 PM Thu, Sep 5, 2024 Run2 .csv",2
"MATLAB 4-02 PM Wed, Nov 6, 2024 Run8 .csv",0
"MATLAB 4-05 PM Thu, Oct 10, 2024 Run3 .csv",3
"MATLAB 4-05 PM Thu, Oct 3, 2024 Run13 .csv",0
"MATLAB 4-05 PM Wed, Nov 6, 2024 Run9 .csv",0
"MATLAB 4-07 PM Mon, Aug 26, 2024 Run6 .csv",0
"MATLAB 4-08 PM Thu, Sep 5, 2024 Run3 .csv",2
"MATLAB 4-08 PM Tue, Jun 4, 2024 Run4 .csv",4
"MATLAB 4-09 PM Mon, Aug 26, 2024 Run7 .csv",0
"MATLAB 4-09 PM Thu, Oct 3, 2024 Run14 .csv",0
"MATLAB 4-09 PM Thu, Sep 5, 2024 Run4 .csv",2
"MATLAB 4-10 PM Thu, Mar 7, 2024 Run2 .csv",1
"MATLAB 4-10 PM Wed, Jun 19, 2024 Run0 .csv",4
"MATLAB 4-12 PM Thu, Mar 7, 2024 Run3 .csv",1
"MATLAB 4-12 PM Thu, Oct 3, 2024 Run15 .csv",0
"MATLAB 4-12 PM Wed, Nov 6, 2024 Run10 .csv",0
"MATLAB 4-12 PM Wed, Nov 6, 2024 Run11 .csv",0
"MATLAB 4-14 PM Thu, Mar 7, 2024 Run4 .csv",1
"MATLAB 4-14 PM Thu, Oct 17, 2024 Run12 .csv",0
"MATLAB 4-14 PM Thu, Oct 3, 2024 Run16 .csv",2
"MATLAB 4-15 PM Thu, Oct 10, 2024 Run4 .csv",2
"MATLAB 4-15 PM Wed, Jun 19, 2024 Run1 .csv",4
"MATLAB 4-16 PM Thu, Mar 7, 2024 Run5 .csv",1
"MATLAB 4-16 PM Thu, Sep 5, 2024 Run5 .csv",2
"MATLAB 4-18 PM Thu, Mar 7, 2024 Run6 .csv",1
"MATLAB 4-18 PM Wed, Nov 6, 2024 Run12 .csv",0
"MATLAB 4-20 PM Thu, Mar 7, 2024 Run7 .csv",1
"MATLAB 4-20 PM Thu, Oct 17, 2024 Run13 .csv",0
"MATLAB 4-20 PM Thu, Oct 17, 2024 Run14 .csv",0
"MATLAB 4-20 PM Wed, Jun 19, 2024 Run2 .csv",4
"MATLAB 4-21 PM Wed, Nov 6, 2024 Run13 .csv",0
"MATLAB 4-22 PM Thu, Oct 10, 2024 Run5 .csv",0
"MATLAB 4-22 PM Thu, Sep 5, 2024 Run6 .csv",2
"MATLAB 4-22 PM Tue, Oct 1, 2024 Run4 .csv",2
"MATLAB 4-23 PM Thu, Oct 17, 2024 Run15 .csv",0
"MATLAB 4-23 PM Wed, Nov 6, 2024 Run14 .csv",0
"MATLAB 4-24 PM Thu, Oct 10, 2024 Run6 .csv",0
"MATLAB 4-24 PM Thu, Oct 17, 2024 Run16 .csv",0
"MATLAB 4-25 PM Thu, Sep 5, 2024 Run7 .csv",2
"MATLAB 4-26 PM Thu, Oct 10, 2024 Run7 .csv",0
"MATLAB 4-26 PM Thu, Oct 17, 2024 Run17 .csv",0
"MATLAB 4-26 PM Thu, Sep 5, 2024 Run8 .csv",0
"MATLAB 4-28 PM Thu, Oct 17, 2024 Run18 .csv",2
"MATLAB 4-29 PM Thu, Oct 10, 2024 Run8 .csv",0
"MATLAB 4-29 PM Thu, Sep 5, 2024 Run9 .csv",0
"MATLAB 4-29 PM Wed, Nov 6, 2024 Run15 .csv",0
"MATLAB 4-30 PM Thu, Oct 17, 2024 Run19 .csv",2
"MATLAB 4-32 PM Thu, Mar 7, 2024 Run8.csv",1
"MATLAB 4-32 PM Thu, Oct 17, 2024 Run20 .csv",2
"MATLAB 4-32 PM Wed, Nov 6, 2024 Run16 .csv",3
"MATLAB 4-33 PM Thu, Oct 17, 2024 Run21 .csv",2
"MATLAB 4-34 PM Thu, Sep 5, 2024 Run10 .csv",0
"MATLAB 4-34 PM Tue, Oct 1, 2024 Run5 .csv",2
"MATLAB 4-36 PM Thu, Oct 17, 2024 Run22 .csv",2
"MATLAB 4-38 PM Thu, Oct 10, 2024 Run9 .csv",2
"MATLAB 4-38 PM Thu, Oct 17, 2024 Run23 .csv",2
"MATLAB 4-38 PM Tue, Oct 1, 2024 Run6 .csv",0
"MATLAB 4-39 PM Thu, Oct 10, 2024 Run10.csv",3
"MATLAB 4-40 PM Thu, Oct 17, 2024 Run24 .csv",3
"MATLAB 4-43 PM Tue, Oct 1, 2024 Run7 .csv",0
"MATLAB 4-47 PM Tue, Oct 1, 2024 Run8 .csv",0
"MATLAB 4-52 PM Tue, Oct 1, 2024 Run9 .csv",0
"MATLAB 4-53 PM Thu, Oct 10, 2024 Run11.csv",0
"MATLAB 4-56 PM Tue, Oct 1, 2024 Run10 .csv",0
"MATLAB 4-57 PM Tue, Oct 1, 2024 Run11 .csv",0
"MATLAB 4-58 PM Thu, Oct 10, 2024 Run12.csv",0
"MATLAB 4-59 PM Tue, Oct 1, 2024 Run12 .csv",0
"MATLAB 5-01 PM Thu, Oct 10, 2024 Run13.csv",0
"MATLAB 5-01 PM Tue, Oct 1, 2024 Run13 .csv",3
"MATLAB 5-05 PM Thu, Oct 10, 2024 Run14.csv",0
